year,exam_date,paper_variant,booklet_series,question_number,subject,sub_topic,question_type,option_count,statement_count,list_item_count,option_combination_pattern,is_all_or_none_correct,all_none_literal_phrasing,correct_option,key_status,difficulty_guess,ambiguous_subject,ambiguous_note,ca_recency_months,source_type_guess,question_text_en
70th-reexam,2025-01-04,re-exam,I,1,History,Ancient,simple_mcq,4,,,,FALSE,FALSE,B,provisional,easy,FALSE,,,NCERT-level,Oldest civilization in the world (Mesopotamia)
70th-reexam,2025-01-04,re-exam,I,2,Science & Technology,Chemistry,simple_mcq,4,,,,FALSE,FALSE,A,provisional,medium,FALSE,,,NCERT-level,Condition for two liquids to form an ideal solution (enthalpy of mixing zero)
70th-reexam,2025-01-04,re-exam,I,3,Reasoning & Aptitude,Quantitative/Numerical,reasoning_aptitude,4,,,,FALSE,FALSE,A,provisional,medium,FALSE,,,specialized reference,"Number series 117, 98, 80, 64, ?, 42 (51)"
70th-reexam,2025-01-04,re-exam,I,4,Bihar-Specific,History & Culture,simple_mcq,4,,,,FALSE,FALSE,C,provisional,hard,FALSE,,,specialized reference,First elected Chairman of Bihar Legislative Council under GoI Act 1935 (Rajiv Ranjan Sinha)
70th-reexam,2025-01-04,re-exam,I,5,Geography,Physical,simple_mcq,4,,,,FALSE,FALSE,B,provisional,hard,FALSE,,,specialized reference,River pair cutting Tropic of Cancer twice over Chhota Nagpur (North Koel-Suwarnarekha)
70th-reexam,2025-01-04,re-exam,I,6,Economy,Macroeconomic concepts,simple_mcq,4,,,,FALSE,FALSE,D,provisional,medium,FALSE,,,NCERT-level,Sector that benefitted most from Globalization (Services)
70th-reexam,2025-01-04,re-exam,I,7,Science & Technology,Biology,simple_mcq,4,,,,FALSE,FALSE,C,provisional,medium,FALSE,,,NCERT-level,Antibodies produced against vaccine antigens (by only B cells)
70th-reexam,2025-01-04,re-exam,I,8,Polity,Constitutional provisions,simple_mcq,4,,,,FALSE,FALSE,C,provisional,medium,FALSE,,,NCERT-level,SC power to decide Centre-State disputes (Original jurisdiction)
70th-reexam,2025-01-04,re-exam,I,9,History,Modern,simple_mcq,4,,,,FALSE,FALSE,B,provisional,hard,FALSE,,,specialized reference,Newspaper that called INC 'nucleus of future Parliament' (The Indian Mirror)
70th-reexam,2025-01-04,re-exam,I,10,Reasoning & Aptitude,Logical/Verbal,reasoning_aptitude,4,,,,FALSE,FALSE,D,provisional,medium,FALSE,,,specialized reference,Count triangles in the figure (12)
70th-reexam,2025-01-04,re-exam,I,11,Geography,Physical,simple_mcq,4,,,,FALSE,FALSE,A,provisional,medium,FALSE,,,specialized reference,State with the longest boundary with Madhya Pradesh (Uttar Pradesh)
70th-reexam,2025-01-04,re-exam,I,12,History,Modern,simple_mcq,4,,,,FALSE,FALSE,B,provisional,easy,TRUE,Champaran is in Bihar,,NCERT-level,Who led the Champaran Satyagraha 1917 (Mahatma Gandhi)
70th-reexam,2025-01-04,re-exam,I,13,Geography,Physical,simple_mcq,4,,,,FALSE,FALSE,Deleted,provisional,easy,FALSE,,,NCERT-level,Tropic of Cancer passes through which State (Deleted)
70th-reexam,2025-01-04,re-exam,I,14,Current Affairs,Awards & Appointments,simple_mcq,4,,,,FALSE,FALSE,C,provisional,easy,FALSE,,11,current_affairs,Bharat Ratna 2024 recipient (M.S. Swaminathan)
70th-reexam,2025-01-04,re-exam,I,15,Science & Technology,Physics,simple_mcq,4,,,,TRUE,TRUE,D,provisional,medium,FALSE,,,NCERT-level,X-rays can be deflected by (None of the above)
70th-reexam,2025-01-04,re-exam,I,16,Environment & Ecology,Conservation & Policy,statement_based,4,4,,1 and 4 only,FALSE,FALSE,D,provisional,easy,FALSE,,,NCERT-level,"Renewable Energy means (solar, wind)"
70th-reexam,2025-01-04,re-exam,I,17,Bihar-Specific,Polity & Governance,simple_mcq,4,,,,FALSE,FALSE,B,provisional,medium,FALSE,,,specialized reference,Act converting Bihar to bicameral legislature (GoI Act 1919)
70th-reexam,2025-01-04,re-exam,I,18,Geography,World,simple_mcq,4,,,,FALSE,FALSE,D,provisional,hard,FALSE,,,specialized reference,Oldest mountain of South America (Pacaraima)
70th-reexam,2025-01-04,re-exam,I,19,Polity,Constitutional provisions,statement_based,4,4,,"1, 2 and 3",FALSE,FALSE,B,provisional,hard,FALSE,,,NCERT-level,Amendments needing ratification by >=half states
70th-reexam,2025-01-04,re-exam,I,20,History,Modern,simple_mcq,4,,,,FALSE,FALSE,C,provisional,medium,FALSE,,,NCERT-level,State NOT annexed under Doctrine of Lapse (Jaipur)
70th-reexam,2025-01-04,re-exam,I,21,Bihar-Specific,Geography,simple_mcq,4,,,,FALSE,FALSE,A,provisional,medium,FALSE,,,specialized reference,Bihar district with maximum wheat production (Rohtas)
70th-reexam,2025-01-04,re-exam,I,22,Current Affairs,Sports,simple_mcq,4,,,,FALSE,FALSE,A,provisional,easy,TRUE,static GK,,specialized reference,Most popular field game in the world (Soccer)
70th-reexam,2025-01-04,re-exam,I,23,History,Modern,simple_mcq,4,,,,FALSE,FALSE,D,provisional,medium,FALSE,,,NCERT-level,Author of 'Poverty and Un-British Rule in India' 1901 (Dadabhai Naoroji)
70th-reexam,2025-01-04,re-exam,I,24,History,Modern,simple_mcq,4,,,,FALSE,FALSE,B,provisional,medium,FALSE,,,specialized reference,"Fort William College Calcutta established (1800, civil servants in Indian languages)"
70th-reexam,2025-01-04,re-exam,I,25,History,Ancient,simple_mcq,4,,,,FALSE,FALSE,D,provisional,easy,FALSE,,,NCERT-level,Script on Ashoka's Pillars (Brahmi)
70th-reexam,2025-01-04,re-exam,I,26,Science & Technology,Chemistry,simple_mcq,4,,,,FALSE,FALSE,A,provisional,medium,FALSE,,,NCERT-level,Catalyst in hydrogenation of vegetable oil (Ni)
70th-reexam,2025-01-04,re-exam,I,27,Geography,Economic,simple_mcq,4,,,,FALSE,FALSE,C,provisional,medium,FALSE,,,NCERT-level,Grey revolution is related to (Fertilizers)
70th-reexam,2025-01-04,re-exam,I,28,Polity,Constitutional provisions,simple_mcq,4,,,,FALSE,FALSE,B,provisional,easy,FALSE,,,NCERT-level,Article dealing with proclamation of Emergency (352)
70th-reexam,2025-01-04,re-exam,I,29,Bihar-Specific,History & Culture,simple_mcq,4,,,,FALSE,FALSE,C,provisional,medium,FALSE,,,specialized reference,Sufi Silsilah founded in Bihar (Firdousia)
70th-reexam,2025-01-04,re-exam,I,30,Current Affairs,International,simple_mcq,4,,,,FALSE,FALSE,B,provisional,easy,FALSE,,,specialized reference,Which country is NOT a member of G7 (Russia)
70th-reexam,2025-01-04,re-exam,I,31,Science & Technology,Biology,simple_mcq,4,,,,FALSE,FALSE,A,provisional,medium,FALSE,,,NCERT-level,Site of dark reaction in photosynthesis (Stroma)
70th-reexam,2025-01-04,re-exam,I,32,Reasoning & Aptitude,Logical/Verbal,reasoning_aptitude,4,,,,FALSE,FALSE,B,provisional,medium,FALSE,,,specialized reference,Direction-distance: Raj X to Y (30 metres)
70th-reexam,2025-01-04,re-exam,I,33,History,Ancient,simple_mcq,4,,,,FALSE,FALSE,C,provisional,medium,FALSE,,,specialized reference,Deogarh temple + Garhwa sculptures are remains of (Gupta art)
70th-reexam,2025-01-04,re-exam,I,34,Bihar-Specific,Geography,simple_mcq,4,,,,FALSE,FALSE,A,provisional,medium,FALSE,,,specialized reference,Bihar produces 71% of India's annual production of (Lychee)
70th-reexam,2025-01-04,re-exam,I,35,Current Affairs,International,simple_mcq,4,,,,FALSE,FALSE,B,provisional,easy,FALSE,,16,current_affairs,City where G20 Summit 2023 held in India (New Delhi)
70th-reexam,2025-01-04,re-exam,I,36,Science & Technology,Physics,simple_mcq,4,,,,FALSE,FALSE,C,provisional,medium,FALSE,,,NCERT-level,Why moon has no atmosphere (escape velocity < rms velocity)
70th-reexam,2025-01-04,re-exam,I,37,History,Ancient,simple_mcq,4,,,,FALSE,FALSE,B,provisional,easy,FALSE,,,NCERT-level,Founder of the Maurya Empire (Chandragupta Maurya)
70th-reexam,2025-01-04,re-exam,I,38,History,Ancient,simple_mcq,4,,,,FALSE,FALSE,D,provisional,medium,FALSE,,,NCERT-level,NOT a famous Buddhist learning centre in Ancient India (Nagpur)
70th-reexam,2025-01-04,re-exam,I,39,Current Affairs,International,simple_mcq,4,,,,FALSE,FALSE,B,provisional,easy,FALSE,,23,current_affairs,Country that hosted 2023 World Economic Forum meeting (Switzerland)
70th-reexam,2025-01-04,re-exam,I,40,Science & Technology,Biology,simple_mcq,4,,,,TRUE,TRUE,D,provisional,medium,FALSE,,,NCERT-level,Which vitamins are water soluble (None of these)
70th-reexam,2025-01-04,re-exam,I,41,History,Modern,simple_mcq,4,,,,FALSE,FALSE,B,provisional,medium,FALSE,,,specialized reference,INC President after Bose resigned 1939 (provisional key: Abul Kalam Azad)
70th-reexam,2025-01-04,re-exam,I,42,Reasoning & Aptitude,Quantitative/Numerical,reasoning_aptitude,4,,,,FALSE,FALSE,B,provisional,medium,FALSE,,,specialized reference,Clock: hands together between 2 and 3 (10 10/11 past 2)
70th-reexam,2025-01-04,re-exam,I,43,Polity,Constitutional provisions,simple_mcq,4,,,,FALSE,FALSE,B,provisional,medium,FALSE,,,NCERT-level,Amendment deciding max State Council of Ministers strength (91st)
70th-reexam,2025-01-04,re-exam,I,44,Science & Technology,Biology,simple_mcq,4,,,,FALSE,FALSE,A,provisional,medium,FALSE,,,NCERT-level,Anopheles mosquito also a vector of (Encephalitis and Filariasis)
70th-reexam,2025-01-04,re-exam,I,45,Current Affairs,International,simple_mcq,4,,,,FALSE,FALSE,B,provisional,easy,FALSE,,33,current_affairs,Re-elected President of France 2022 (Emmanuel Macron)
70th-reexam,2025-01-04,re-exam,I,46,Economy,Five-year plans & policy,simple_mcq,4,,,,FALSE,FALSE,B,provisional,medium,FALSE,,,NCERT-level,Correct pair: First Five-Year Plan - Focus on Agriculture
70th-reexam,2025-01-04,re-exam,I,47,Geography,World,simple_mcq,4,,,,FALSE,FALSE,A,provisional,hard,FALSE,,,specialized reference,Mountain range along Mediterranean Coast of Asia Minor (Taurus)
70th-reexam,2025-01-04,re-exam,I,48,Current Affairs,Sports,simple_mcq,4,,,,FALSE,FALSE,A,provisional,medium,FALSE,,,current_affairs,Country to host 20th Asian Games 2026 (Japan)
70th-reexam,2025-01-04,re-exam,I,49,Current Affairs,Sports,simple_mcq,4,,,,FALSE,FALSE,D,provisional,easy,FALSE,,35,current_affairs,Country that hosted 2022 Winter Olympics (China)
70th-reexam,2025-01-04,re-exam,I,50,Science & Technology,Biology,simple_mcq,4,,,,FALSE,FALSE,D,provisional,easy,FALSE,,,NCERT-level,Turmeric powder obtained from which part (Dried root)
70th-reexam,2025-01-04,re-exam,I,51,History,Modern,simple_mcq,4,,,,FALSE,FALSE,B,provisional,medium,FALSE,,,specialized reference,Viceroy who decentralized colonial economic structure (Mayo)
70th-reexam,2025-01-04,re-exam,I,52,Geography,World,simple_mcq,4,,,,FALSE,FALSE,C,provisional,easy,FALSE,,,NCERT-level,'Playground of Europe' (Switzerland)
70th-reexam,2025-01-04,re-exam,I,53,History,Modern,simple_mcq,4,,,,FALSE,FALSE,A,provisional,medium,FALSE,,,NCERT-level,Where did the revolt of Birsa Munda take place (Ranchi)
70th-reexam,2025-01-04,re-exam,I,54,Current Affairs,National,simple_mcq,4,,,,FALSE,FALSE,B,provisional,medium,TRUE,could be Economy,,current_affairs,First Indian company to cross USD 200bn market cap 2023 (Reliance)
70th-reexam,2025-01-04,re-exam,I,55,Science & Technology,Physics,simple_mcq,4,,,,FALSE,FALSE,A,provisional,medium,FALSE,,,NCERT-level,Reactance of a capacitor (inversely proportional to frequency)
70th-reexam,2025-01-04,re-exam,I,56,Economy,Five-year plans & policy,simple_mcq,4,,,,FALSE,FALSE,C,provisional,easy,FALSE,,,NCERT-level,Max land an individual farmer can hold (Land ceiling)
70th-reexam,2025-01-04,re-exam,I,57,History,Modern,simple_mcq,4,,,,FALSE,FALSE,D,provisional,medium,FALSE,,,specialized reference,The Vernacular Press Act allowed (More than one of the above)
70th-reexam,2025-01-04,re-exam,I,58,Bihar-Specific,Geography,simple_mcq,4,,,,FALSE,FALSE,C,provisional,hard,FALSE,,,specialized reference,Average height of Kosi Plain from MSL (30 m)
70th-reexam,2025-01-04,re-exam,I,59,Polity,Constitutional provisions,simple_mcq,4,,,,FALSE,FALSE,B,provisional,easy,FALSE,,,NCERT-level,Chairperson of the GST Council (Union Finance Minister)
70th-reexam,2025-01-04,re-exam,I,60,Bihar-Specific,History & Culture,simple_mcq,4,,,,TRUE,TRUE,D,provisional,medium,FALSE,,,specialized reference,When was Bihar State formed (None of the above)
70th-reexam,2025-01-04,re-exam,I,61,Science & Technology,Chemistry,simple_mcq,4,,,,FALSE,FALSE,D,provisional,medium,FALSE,,,NCERT-level,Sour taste of vinegar due to (provisional key: Citric acid)
70th-reexam,2025-01-04,re-exam,I,62,History,Medieval,simple_mcq,4,,,,FALSE,FALSE,B,provisional,medium,FALSE,,,specialized reference,'Muqaddam/Chaudhuri' in Delhi Sultanate used for (Village headmen)
70th-reexam,2025-01-04,re-exam,I,63,Current Affairs,Awards & Appointments,simple_mcq,4,,,,FALSE,FALSE,A,provisional,medium,FALSE,,15,current_affairs,Nobel Peace Prize 2023 winner (Narges Mohammadi)
70th-reexam,2025-01-04,re-exam,I,64,History,Medieval,simple_mcq,4,,,,FALSE,FALSE,D,provisional,hard,FALSE,,,specialized reference,'Tarikh-i-Firuz Shahi' written by (provisional key: Minhaj Siraj)
70th-reexam,2025-01-04,re-exam,I,65,Geography,World,simple_mcq,4,,,,FALSE,FALSE,C,provisional,easy,TRUE,odd-one-out — Reasoning element,,NCERT-level,Odd pair among deserts (Kalahari:America)
70th-reexam,2025-01-04,re-exam,I,66,Science & Technology,Chemistry,simple_mcq,4,,,,TRUE,TRUE,A,provisional,medium,FALSE,,,specialized reference,How is Hydrogen stored physically (None of the above)
70th-reexam,2025-01-04,re-exam,I,67,History,Modern,simple_mcq,4,,,,FALSE,FALSE,A,provisional,medium,TRUE,Rajendra Prasad — Bihar figure,,specialized reference,Portfolio Rajendra Prasad held in interim govt 1946 (Food and agriculture)
70th-reexam,2025-01-04,re-exam,I,68,Geography,Economic,simple_mcq,4,,,,FALSE,FALSE,B,provisional,hard,TRUE,Barauni is in Bihar,,specialized reference,Oil refinery with maximum capacity in India (provisional key: Barauni)
70th-reexam,2025-01-04,re-exam,I,69,Polity,Panchayati Raj & local governance,simple_mcq,4,,,,FALSE,FALSE,D,provisional,easy,FALSE,,,NCERT-level,System of governance in Panchayat Raj (three-tier)
70th-reexam,2025-01-04,re-exam,I,70,Science & Technology,Biology,simple_mcq,4,,,,TRUE,TRUE,D,provisional,medium,FALSE,,,NCERT-level,Blood group of an individual determined by (None of the above)
70th-reexam,2025-01-04,re-exam,I,71,Current Affairs,Sports,simple_mcq,4,,,,FALSE,FALSE,B,provisional,medium,FALSE,,5,current_affairs,Game NOT included in 33rd Olympic (Cricket)
70th-reexam,2025-01-04,re-exam,I,72,Geography,Physical,simple_mcq,4,,,,FALSE,FALSE,B,provisional,easy,FALSE,,,NCERT-level,'Scotland of North-East India' (Meghalaya)
70th-reexam,2025-01-04,re-exam,I,73,Polity,Constitutional provisions,simple_mcq,4,,,,FALSE,FALSE,B,provisional,easy,FALSE,,,NCERT-level,Schedule with Anti-defection Act provisions (Tenth)
70th-reexam,2025-01-04,re-exam,I,74,Science & Technology,Tech & Innovation,simple_mcq,4,,,,FALSE,FALSE,B,provisional,medium,FALSE,,,specialized reference,First 3D-printed humanoid robot in India (Manav)
70th-reexam,2025-01-04,re-exam,I,75,Polity,Constitutional provisions,simple_mcq,4,,,,FALSE,FALSE,A,provisional,medium,FALSE,,,NCERT-level,Article for Annual Financial Statement before Parliament (112)
70th-reexam,2025-01-04,re-exam,I,76,Bihar-Specific,Economy,simple_mcq,4,,,,FALSE,FALSE,D,provisional,medium,FALSE,,,specialized reference,60.2% share in Bihar GSDP 2019-20 was of (Service Sector)
70th-reexam,2025-01-04,re-exam,I,77,Bihar-Specific,Geography,simple_mcq,4,,,,FALSE,FALSE,A,provisional,easy,FALSE,,,specialized reference,Bihar district with maximum Lichi production (Muzaffarpur)
70th-reexam,2025-01-04,re-exam,I,78,Bihar-Specific,Geography,simple_mcq,4,,,,FALSE,FALSE,A,provisional,easy,FALSE,,,specialized reference,River known as 'Sorrow of Bihar' (provisional key: Son)
70th-reexam,2025-01-04,re-exam,I,79,Geography,Physical,simple_mcq,4,,,,FALSE,FALSE,Deleted,provisional,medium,FALSE,,,specialized reference,Average height of snow-line in Uttar Pradesh (Deleted)
70th-reexam,2025-01-04,re-exam,I,80,Science & Technology,Biology,simple_mcq,4,,,,FALSE,FALSE,A,provisional,easy,FALSE,,,NCERT-level,Ishihara test is related with (Colour blindness)
70th-reexam,2025-01-04,re-exam,I,81,History,Modern,simple_mcq,4,,,,FALSE,FALSE,D,provisional,medium,FALSE,,,specialized reference,Who is NOT associated with Azad Hind Fauj (S.A. Dange)
70th-reexam,2025-01-04,re-exam,I,82,Economy,Macroeconomic concepts,simple_mcq,4,,,,FALSE,FALSE,B,provisional,medium,FALSE,,,NCERT-level,What is Infant Mortality Rate (die before age 1 per 1000)
70th-reexam,2025-01-04,re-exam,I,83,Geography,World,simple_mcq,4,,,,FALSE,FALSE,B,provisional,hard,FALSE,,,specialized reference,Longitude separating Canada and Alaska (141 W)
70th-reexam,2025-01-04,re-exam,I,84,History,Modern,match_the_following,4,,4,,FALSE,FALSE,A,provisional,hard,FALSE,,,specialized reference,"Match authors with books on 1857 (Savarkar, S.N. Sen, Eric Stokes, S.B. Chaudhuri)"
70th-reexam,2025-01-04,re-exam,I,85,History,Modern,match_the_following,4,,4,,FALSE,FALSE,C,provisional,medium,FALSE,,,NCERT-level,"Match social reformers with societies (Brahmo Samaj, Ramkrishna Mission, Servants of India, Vidhwa Vivah Samaj)"
70th-reexam,2025-01-04,re-exam,I,86,Science & Technology,Tech & Innovation,simple_mcq,4,,,,FALSE,FALSE,A,provisional,medium,FALSE,,,NCERT-level,Fibre used in bullet-proof helmets/jackets (Kevlar)
70th-reexam,2025-01-04,re-exam,I,87,Polity,Constitutional provisions,simple_mcq,4,,,,FALSE,FALSE,D,provisional,medium,FALSE,,,NCERT-level,Speaker of Lok Sabha voting right (only in case of a tie)
70th-reexam,2025-01-04,re-exam,I,88,History,Medieval,simple_mcq,4,,,,FALSE,FALSE,A,provisional,hard,FALSE,,,specialized reference,Term 'Zillillah' first used by (Alauddin Khilji)
70th-reexam,2025-01-04,re-exam,I,89,Economy,Banking & finance,simple_mcq,4,,,,FALSE,FALSE,A,provisional,easy,FALSE,,,NCERT-level,Ratio of deposits banks must keep with RBI (Cash Reserve Ratio)
70th-reexam,2025-01-04,re-exam,I,90,Science & Technology,Physics,simple_mcq,4,,,,FALSE,FALSE,D,provisional,medium,FALSE,,,NCERT-level,Final energy of electron through potential difference V (eV)
70th-reexam,2025-01-04,re-exam,I,91,Current Affairs,Schemes & Indices,simple_mcq,4,,,,FALSE,FALSE,Deleted,provisional,medium,FALSE,,,current_affairs,Indian State with highest literacy rate per 2023 census (Kerala)
70th-reexam,2025-01-04,re-exam,I,92,History,Ancient,simple_mcq,4,,,,FALSE,FALSE,C,provisional,hard,FALSE,,,specialized reference,NOT associated with Chandragupta Maurya (Junagadh inscription of Rudradaman)
70th-reexam,2025-01-04,re-exam,I,93,Current Affairs,Schemes & Indices,simple_mcq,4,,,,FALSE,FALSE,B,provisional,medium,FALSE,,15,current_affairs,State that topped NITI Aayog SDG India Index 2023 (Kerala)
70th-reexam,2025-01-04,re-exam,I,94,Science & Technology,Biology,simple_mcq,4,,,,FALSE,FALSE,B,provisional,easy,FALSE,,,NCERT-level,Buds are typically found (both base of leaves and tip of branches)
70th-reexam,2025-01-04,re-exam,I,95,Polity,Constitutional provisions,simple_mcq,4,,,,FALSE,FALSE,C,provisional,hard,FALSE,,,NCERT-level,Electoral college for President but not impeachment forum (State Legislative Assemblies)
70th-reexam,2025-01-04,re-exam,I,96,Bihar-Specific,Geography,simple_mcq,4,,,,FALSE,FALSE,B,provisional,medium,FALSE,,,specialized reference,Amarkantak source of Son river situated at (Maikal range)
70th-reexam,2025-01-04,re-exam,I,97,Reasoning & Aptitude,Logical/Verbal,reasoning_aptitude,4,,,,FALSE,FALSE,D,provisional,medium,FALSE,,,specialized reference,Coding-decoding: CIRCLE:RICELC :: SQUARE:? (AREUQS)
70th-reexam,2025-01-04,re-exam,I,98,Science & Technology,Chemistry,simple_mcq,4,,,,FALSE,FALSE,B,provisional,hard,FALSE,,,specialized reference,Which is NOT an electrophile (Na+)
70th-reexam,2025-01-04,re-exam,I,99,Polity,Constitutional provisions,simple_mcq,4,,,,FALSE,FALSE,B,provisional,medium,FALSE,,,NCERT-level,Parliament law for International treaties (without consent of any State)
70th-reexam,2025-01-04,re-exam,I,100,Bihar-Specific,Geography,simple_mcq,4,,,,FALSE,FALSE,D,provisional,medium,FALSE,,,specialized reference,Bihar district with maximum Maize production (Saran)
70th-reexam,2025-01-04,re-exam,I,101,Science & Technology,Biology,simple_mcq,4,,,,FALSE,FALSE,A,provisional,medium,FALSE,,,NCERT-level,Quinine obtained from which part of plant (Stem bark)
70th-reexam,2025-01-04,re-exam,I,102,History,Modern,simple_mcq,4,,,,FALSE,FALSE,C,provisional,medium,FALSE,,,specialized reference,First Muslim President of INC (Badruddin Taiyabji)
70th-reexam,2025-01-04,re-exam,I,103,Geography,Physical,simple_mcq,4,,,,FALSE,FALSE,A,provisional,medium,FALSE,,,NCERT-level,Kashmir Valley is which type of valley (Tectonic)
70th-reexam,2025-01-04,re-exam,I,104,History,Modern,simple_mcq,4,,,,FALSE,FALSE,A,provisional,medium,FALSE,,,specialized reference,When Macaulay issued famous minute on Indian Education (02 Feb 1835)
70th-reexam,2025-01-04,re-exam,I,105,Reasoning & Aptitude,Quantitative/Numerical,reasoning_aptitude,4,,,,FALSE,FALSE,D,provisional,medium,FALSE,,,specialized reference,Calendar: Jan 1 2008 Tue -> day on Jan 1 2009 (Thursday)
70th-reexam,2025-01-04,re-exam,I,106,Science & Technology,Chemistry,simple_mcq,4,,,,FALSE,FALSE,B,provisional,medium,FALSE,,,NCERT-level,Conductivity of a strong electrolyte on dilution (decreases)
70th-reexam,2025-01-04,re-exam,I,107,History,Modern,simple_mcq,4,,,,FALSE,FALSE,A,provisional,medium,FALSE,,,NCERT-level,Santhal hool (rebellion) took place in (1855-56)
70th-reexam,2025-01-04,re-exam,I,108,Current Affairs,Awards & Appointments,simple_mcq,4,,,,FALSE,FALSE,A,provisional,easy,FALSE,,30,current_affairs,Current Chairman of ISRO (S. Somnath)
70th-reexam,2025-01-04,re-exam,I,109,Geography,World,simple_mcq,4,,,,FALSE,FALSE,B,provisional,medium,FALSE,,,specialized reference,NOT associated with Australia Continent (Salwin Mountain)
70th-reexam,2025-01-04,re-exam,I,110,Environment & Ecology,Climate & Pollution,simple_mcq,4,,,,FALSE,FALSE,B,provisional,easy,FALSE,,13,current_affairs,Country that hosted COP28 climate summit 2023 (UAE)
70th-reexam,2025-01-04,re-exam,I,111,Science & Technology,Tech & Innovation,simple_mcq,4,,,,FALSE,FALSE,A,provisional,medium,FALSE,,15,current_affairs,Number of scientific payloads on Aditya L-1 mission (7)
70th-reexam,2025-01-04,re-exam,I,112,Bihar-Specific,Recent Developments,simple_mcq,4,,,,FALSE,FALSE,C,provisional,medium,FALSE,,,current_affairs,Program Bihar Education Dept started via DD Bihar Apr 2020 (e-content class IX-X)
70th-reexam,2025-01-04,re-exam,I,113,History,Modern,simple_mcq,4,,,,FALSE,FALSE,B,provisional,medium,FALSE,,,specialized reference,All India Trade Union Congress formed in the year (1920)
70th-reexam,2025-01-04,re-exam,I,114,Science & Technology,Physics,simple_mcq,4,,,,FALSE,FALSE,A,provisional,medium,FALSE,,,NCERT-level,"As telescope objective lens diameter increases, resolution (increases)"
70th-reexam,2025-01-04,re-exam,I,115,Current Affairs,International,simple_mcq,4,,,,FALSE,FALSE,B,provisional,easy,FALSE,,27,current_affairs,Prime Minister of Italy as of 2024 (Giorgia Meloni)
70th-reexam,2025-01-04,re-exam,I,116,Current Affairs,National,simple_mcq,4,,,,FALSE,FALSE,C,provisional,medium,FALSE,,19,current_affairs,First Indian city declared 'City of Literature' by UNESCO (Kozhikode)
70th-reexam,2025-01-04,re-exam,I,117,Bihar-Specific,History & Culture,simple_mcq,4,,,,FALSE,FALSE,D,provisional,medium,FALSE,,,specialized reference,World famous painting found in which district of Bihar (Madhubani)
70th-reexam,2025-01-04,re-exam,I,118,Polity,Constitutional provisions,simple_mcq,4,,,,FALSE,FALSE,A,provisional,medium,FALSE,,,NCERT-level,Right a British citizen in India can NOT claim (Freedom of trade and profession)
70th-reexam,2025-01-04,re-exam,I,119,History,Modern,simple_mcq,4,,,,FALSE,FALSE,C,provisional,medium,FALSE,,,NCERT-level,Who introduced permanent settlement in Bengal (Lord Cornwallis)
70th-reexam,2025-01-04,re-exam,I,120,History,Modern,simple_mcq,4,,,,TRUE,TRUE,D,provisional,medium,FALSE,,,NCERT-level,Who threw harmless bombs in Central Legislative Assembly (More than one of the above)
70th-reexam,2025-01-04,re-exam,I,121,Science & Technology,Chemistry,simple_mcq,4,,,,FALSE,FALSE,A,provisional,hard,FALSE,,,specialized reference,Seed used in production of engineered diamonds (Moissanite)
70th-reexam,2025-01-04,re-exam,I,122,Bihar-Specific,Geography,simple_mcq,4,,,,FALSE,FALSE,B,provisional,medium,FALSE,,,specialized reference,Bihar district with highest fox nut (makhana) production (Madhubani)
70th-reexam,2025-01-04,re-exam,I,123,History,Modern,simple_mcq,4,,,,FALSE,FALSE,B,provisional,medium,FALSE,,,specialized reference,Author of the book 'Gulamgiri' (Jyotiba Phule)
70th-reexam,2025-01-04,re-exam,I,124,Geography,World,simple_mcq,4,,,,FALSE,FALSE,A,provisional,medium,FALSE,,,specialized reference,Dalmatian Coast is (River depositional)
70th-reexam,2025-01-04,re-exam,I,125,Economy,Banking & finance,simple_mcq,4,,,,TRUE,TRUE,D,provisional,easy,FALSE,,,NCERT-level,Function of Central Bank (All of the above)
70th-reexam,2025-01-04,re-exam,I,126,Science & Technology,Biology,simple_mcq,4,,,,FALSE,FALSE,B,provisional,medium,FALSE,,,NCERT-level,Nail nailed into tree trunk after 2 years will (remain at same position)
70th-reexam,2025-01-04,re-exam,I,127,History,Modern,match_the_following,4,,4,,FALSE,FALSE,A,provisional,hard,FALSE,,,specialized reference,"Match 1857 leaders with territory (Kunwar Singh, Hazrat Mahal, Khan Bahadur, Maulvi Ahmadullah)"
70th-reexam,2025-01-04,re-exam,I,128,History,Ancient,simple_mcq,4,,,,FALSE,FALSE,C,provisional,medium,FALSE,,,NCERT-level,Indus Valley city with trade with West Asia (Lothal)
70th-reexam,2025-01-04,re-exam,I,129,Science & Technology,Physics,simple_mcq,4,,,,FALSE,FALSE,C,provisional,easy,FALSE,,,NCERT-level,Responsible for production of shadow (Rectilinear propagation of light)
70th-reexam,2025-01-04,re-exam,I,130,History,Modern,simple_mcq,4,,,,FALSE,FALSE,A,provisional,medium,TRUE,Gaya session — Bihar-linked,,specialized reference,President of INC at Gaya Session 1922 (Chittaranjan Das)
70th-reexam,2025-01-04,re-exam,I,131,Current Affairs,Schemes & Indices,simple_mcq,4,,,,FALSE,FALSE,A,provisional,easy,FALSE,,,current_affairs,Expanded form of UPI (Unified Payment Interface)
70th-reexam,2025-01-04,re-exam,I,132,Science & Technology,Biology,simple_mcq,4,,,,FALSE,FALSE,B,provisional,medium,FALSE,,,NCERT-level,"Liver stores which vitamins (A, B, C and D)"
70th-reexam,2025-01-04,re-exam,I,133,Geography,Economic,simple_mcq,4,,,,FALSE,FALSE,D,provisional,medium,FALSE,,,specialized reference,State of India called 'State of Minerals' (Jharkhand)
70th-reexam,2025-01-04,re-exam,I,134,History,Ancient,simple_mcq,4,,,,FALSE,FALSE,A,provisional,medium,TRUE,could be Geography,,specialized reference,Chitrakoot temple is located in which State (Madhya Pradesh)
70th-reexam,2025-01-04,re-exam,I,135,Polity,Constitutional provisions,simple_mcq,4,,,,FALSE,FALSE,D,provisional,medium,FALSE,,,NCERT-level,"Min age for MP Lok Sabha, MP Rajya Sabha, President (25, 30 and 35)"
70th-reexam,2025-01-04,re-exam,I,136,Science & Technology,Physics,simple_mcq,4,,,,FALSE,FALSE,B,provisional,medium,FALSE,,,NCERT-level,Unit of measure of magnetic field (Tesla)
70th-reexam,2025-01-04,re-exam,I,137,Current Affairs,Awards & Appointments,simple_mcq,4,,,,FALSE,FALSE,A,provisional,hard,FALSE,,,specialized reference,President of India + Ambassador to USA/China/Turkey/Thailand + JNU VC (R. Venkatraman)
70th-reexam,2025-01-04,re-exam,I,138,Geography,Physical,simple_mcq,4,,,,FALSE,FALSE,B,provisional,medium,FALSE,,,specialized reference,Divi Island situated amid distributaries of which river (Krishna)
70th-reexam,2025-01-04,re-exam,I,139,Reasoning & Aptitude,Logical/Verbal,reasoning_aptitude,4,,,,FALSE,FALSE,A,provisional,medium,FALSE,,,specialized reference,Venn diagram: Men that are both Businessman and Millionaire (3)
70th-reexam,2025-01-04,re-exam,I,140,Economy,Macroeconomic concepts,simple_mcq,4,,,,FALSE,FALSE,D,provisional,medium,FALSE,,,NCERT-level,Which is a tool of Fiscal Policy (Taxes)
70th-reexam,2025-01-04,re-exam,I,141,Environment & Ecology,Conservation & Policy,simple_mcq,4,,,,FALSE,FALSE,C,provisional,medium,TRUE,could be Sci & Tech,,current_affairs,Steam methane reforming technique used to obtain (Grey Hydrogen)
70th-reexam,2025-01-04,re-exam,I,142,Polity,Constitutional provisions,simple_mcq,4,,,,FALSE,FALSE,D,provisional,medium,FALSE,,,NCERT-level,Primary function of Finance Commission (distribution of revenue Centre-States)
70th-reexam,2025-01-04,re-exam,I,143,History,Modern,simple_mcq,4,,,,FALSE,FALSE,B,provisional,medium,FALSE,,,NCERT-level,Who first called Revolt of 1857 'First Indian War of Independence' (V.D. Savarkar)
70th-reexam,2025-01-04,re-exam,I,144,Reasoning & Aptitude,Logical/Verbal,reasoning_aptitude,4,,,,FALSE,FALSE,A,provisional,medium,FALSE,,,specialized reference,Blood relation puzzle: A is (Wife of D)
70th-reexam,2025-01-04,re-exam,I,145,Science & Technology,Chemistry,simple_mcq,4,,,,FALSE,FALSE,C,provisional,hard,FALSE,,,specialized reference,Reducing power order of metals by electrode potential (B>C>A)
70th-reexam,2025-01-04,re-exam,I,146,Economy,Macroeconomic concepts,simple_mcq,4,,,,FALSE,FALSE,B,provisional,medium,FALSE,,,NCERT-level,NNP at factor cost is equal to (National Income)
70th-reexam,2025-01-04,re-exam,I,147,History,Modern,match_the_following,4,,4,,FALSE,FALSE,C,provisional,hard,FALSE,,,specialized reference,"Match Pre-Congress organisations with leaders (Indian Association, Madras Mahajan Sabha, Bombay Presidency Assoc, Poona Sarvjanik Sabha)"
70th-reexam,2025-01-04,re-exam,I,148,Science & Technology,Physics,simple_mcq,4,,,,FALSE,FALSE,C,provisional,medium,FALSE,,,NCERT-level,"Burn from steam vs air at 100C (more dangerous, high latent heat)"
70th-reexam,2025-01-04,re-exam,I,149,Reasoning & Aptitude,Quantitative/Numerical,reasoning_aptitude,4,,,,FALSE,FALSE,A,provisional,medium,FALSE,,,specialized reference,"15 chairs in a row, P at middle, Q at 12th from right — chairs between (2)"
70th-reexam,2025-01-04,re-exam,I,150,Bihar-Specific,History & Culture,simple_mcq,4,,,,FALSE,FALSE,C,provisional,medium,FALSE,,,specialized reference,When was Patna College established (1863)
